domain,config,split,ndcg_10,recall_10,recall_100,num_topics
biology,2a,dev,0.2034,0.2953,0.5513,115
biology,2a_hist,dev,0.6065,0.7321,0.9126,115
biology,2a,train,0.2250,0.3637,0.5921,247
biology,2a_hist,train,0.6369,0.8040,0.9109,247
drones,2a,dev,0.1695,0.2605,0.4729,38
drones,2a_hist,dev,0.2954,0.4330,0.7377,38
drones,2a,train,0.1400,0.2282,0.5825,104
drones,2a_hist,train,0.3162,0.4978,0.7912,104
earth_science,2a,dev,0.2195,0.3272,0.6529,133
earth_science,2a_hist,dev,0.6264,0.7739,0.9127,133
earth_science,2a,train,0.2757,0.3869,0.6453,321
earth_science,2a_hist,train,0.6324,0.7890,0.8977,321
economics,2a,dev,0.1629,0.2591,0.5355,92
economics,2a_hist,dev,0.4739,0.6277,0.8507,92
economics,2a,train,0.1573,0.2383,0.4710,196
economics,2a_hist,train,0.4593,0.5742,0.8100,196
hardware,2a,dev,0.1605,0.2284,0.4784,58
hardware,2a_hist,dev,0.3378,0.4511,0.7184,58
hardware,2a,train,0.1472,0.2472,0.5632,130
hardware,2a_hist,train,0.2935,0.4501,0.7533,130
law,2a,dev,0.1147,0.1970,0.5894,66
law,2a_hist,dev,0.3437,0.4404,0.8232,66
law,2a,train,0.1047,0.1746,0.4621,164
law,2a_hist,train,0.2721,0.3659,0.7649,164
medicalsciences,2a,dev,0.1168,0.2405,0.4996,44
medicalsciences,2a_hist,dev,0.1730,0.3045,0.6864,44
medicalsciences,2a,train,0.1188,0.2044,0.5289,139
medicalsciences,2a_hist,train,0.2267,0.3729,0.7731,139
politics,2a,dev,0.1514,0.2795,0.6275,54
politics,2a_hist,dev,0.3219,0.4300,0.7955,54
politics,2a,train,0.1609,0.2436,0.5491,159
politics,2a_hist,train,0.4423,0.5694,0.8567,159
psychology,2a,dev,0.2596,0.3430,0.5788,99
psychology,2a_hist,dev,0.5726,0.6956,0.8379,99
psychology,2a,train,0.2208,0.2987,0.4887,234
psychology,2a_hist,train,0.5558,0.6668,0.8444,234
robotics,2a,dev,0.1574,0.2210,0.4984,75
robotics,2a_hist,dev,0.5123,0.6232,0.8527,75
robotics,2a,train,0.1847,0.2624,0.5100,184
robotics,2a_hist,train,0.5773,0.7063,0.8497,184
sustainable_living,2a,dev,0.2938,0.4221,0.6320,84
sustainable_living,2a_hist,dev,0.5531,0.6821,0.9112,84
sustainable_living,2a,train,0.2851,0.3896,0.6301,235
sustainable_living,2a_hist,train,0.5801,0.6979,0.8701,235
